0xefa8ccb3e3d5a632757ac76099e0fa609e71d268,1000
0x49dd704c115b10a9fe0b757e909cb83a9c55ef03,1000
0xe85207Bc9759680D4060F5B17dD9b41b530537DE,1000
0xD504D672C333365f850C9CB2827421E5d1684A03,1000
0x348435554e9c629756ff8c6059eee54c646fe895,500
0x8e0a230bef89e21c11ab013c566a10382cc80305,1000
0xde4669e97f3aa4150cba2803f60e3f277c78babe,1000
0x4efc10262f349ba12374eae80c810531c85228b0,800
0x336c219cadf55ee6d28b9a49d8ea57a10c232044,1000
0xc369a97ec5fcedf2157d1001641c4bdb4208a430,1000
0x73e9a333692f3e4d91aeca3832e8148451d557e1,1000
0x2cb5bac34132bc6146742a5d41067c60017ac26d,1000
0x9d0554f6d60cb8fd1916df02b51a3639e15e8770,1000
0x0cb361679307337dedab7c3ae1f20aaf6f7069c2,500
0xfd4fa2c9460c9c7e28dcf2e1141bc6a8597f31dc,1000
0x186bd9321f20f5781ad2c221dc7275cc384ca8bb,1000
0xcb38ae853dcc7a85c597aafb3a95241a413925e7,500
0x50b38006b6d25945854c07173bd428155b15bf44,500
0x0f878aea6df009fc38da8e051f751670ecaa5557,1000
0x23bd93b5bc0a83ae8c5578cbca4618a45af2c566,1000
0xd468f43d3a821ef0998b70aeb280e702da1efb0f,1000
0x9f257a01a5cd98086ff08aa849ceb9549e17160f,500
0x4e9fcc95cd179681548bfbc6592de6a432d5e8e1,1000
0x42f127133d4f987ffb779a58ce293f66dbde22d5,1000
0xda810ec8c0d70ef3cfad34da3bc5fc58d68bf925,1000
0x0d108c066765d2a3f3d4dea143231edd910acef9,1000
0x7ce8979fc34878e54f5d747343ad6b66bf8ea23f,1000
0x8b1178ce63e783f36c3271415a55da46e1d9cc1f,1000
0x556e74fc2833281dfd70cca0db8796e6ae48ae49,1000
0xc29459a17ee0dacf1ce3f9ebbcce86c1b4d560a0,1000
0x27e7fa40b50ca86620e7f94111691e00b2d218ee,500
0xfacab707ba03ef852ce5240b268540caf2e1df8d,1000
0x15709679089524fc3affbd7722e412b9722ccae4,500
0x29db06e47c6ef4a5d3e1f6f2e5d39c1dfad24e5a,1000
0x27409326943cd7d4296e22500915990c0203656c,1000
0xbe000c4ca17a3c2a15fdb552199580cb4ef47bf5,500
0x4e6b2c2ef4979cc64685f14b067710d346d1bdec,1000
0x8b87907ba1a85060f3a319380ebdeae9035055eb,1000
0x9f84557cac2bc98f8de79073a984496945baf2f8,1000
0x6b6bdbad96ab3041cab144675d717f1b1fa32bee,500
0x8ec5e9395e53aa6dcd74f35d8d90b942b7bce61d,500
0xe297997d23ea9a512ce0b0ec9b000876c75b8047,501
0x3e56658c54a7363f32e4bc8798f59e5f4adb8e50,800
0x0cb361679307337dedab7c3ae1f20aaf6f7069c2,100
0xb761b8b05d0e3a98bdf7bd10c3d0ff2b9fc52c2a,500
0x7122f35b421d4f8fc3e144c3d0c6cc02c470bff2,500
0xd9b03e5ef2747891405702fc30536184f0ff6143,500
0xfd07b0fec4979ae681c90696d803bc7428bc287d,500
0xc235eedec163affe5094e5d1b00d3bb8729d25ae,1000
0xdab689d1bcc53922708d12f59a2a56ff46e6460b,500
0xec48cae80930e32f139667cc3811dbea41b3aee5,1000
0xaba8eccdf5e106c0b4686ca8b8e5fe3cbd791a46,500
0x2d255c590f956a8bc8652eb978444c873bd20416,600
0x698323eb983435f161e9e65ef4f2fa5b61676ebb,500
0x67d28b325db6e6367bfa0419624d1b3eeae8a64d,500
0x539b6661f83e228c822f40b13f8df92911f97878,1000
0xeecc8c73eb1dc99798653275e6d865490dc65434,500
0x14d67a294d23f5cc49970fc33a78d4e3228903bc,500
0x04a04d1d616fcfc57c38e533f08d05c8a6a2da95,1000
0xdac8f0d63beaf4330be3fbc12c1bf4cdcde9dbca,1000
0x1a6c4d61a41f71f28dc01087ca01d025f93079d0,500
0xfb10bed0bd2a7bd19c2b7d2bde11d5985de4f10f,500
0xd46c1ce324cd2827078d92fb47f8d0232d061b76,500
0x5ea78d5fa3247fef3e51170eafb7618f35ad4682,1000
0x062e3ba8c9b181cf90209270058df9e085bde7d7,500
0xcdb0a28738570f925c92b0331e3d0a2cb21f5c83,1000
0xd9bde759069794e2493abd6937d42f71e69bbfc8,500
0xa4e77fefc659773857f80a5e514eab925b43b907,1000
0x60b4ba9e589c00c5792cba683a7c4795661e41b7,1000
0x51a59f8045c99152ce21599a250195099ec1172b,1000
0x2b8f50a269b1fa300efe495b9d197852c8e7e69a,1000
0xcda4c823f1fde28347ff977813ea383db7fa1c1b,500
0x3be3288bb35f1992712ea09869518e480b72ceaf,500
0x0d34baa3e37d01deca11fcdd3ac6e66db6919d24,1000
0x9a6c71d2d38a307294f743ef0c114ee6fd775dd4,1000
0xf20587a5ca958e6bc9b886441f2feecf089ed5d2,500
0xd0e33c63f702076e55de4a1e08bfe6a4a3fa744f,1000
0x1da0ab60c17573f3e01985b4e278812c2a63b925,1000
0x9ad876447802beed0234f9ed1bcfe396e0cab87a,1000
0x98e6db85d57a3cbbf71bfed0da8b2261718449df,1000
0x91bd028aae0b762235509698d7dc9a1b07322e99,1000
0xab8d495c51e31edb0ba27a06a4f4d20bd3c84c40,500
0x85020b160ca947ad44e41ffb27183bf334d51195,1000
0x81dcd33933c97df2d8529c03e7104095589a0c5f,1000
0x044dee51ede5b711675ca801e54a0dc9836c345e,1000
0x049b5aeef3307cf42083a036180446c94e21a812,500
0xbd7c6d2731b07d6e401e1565228a0c52ad59ef2b,500
0xd842075e0c1a67e70f1408eb7257b2212c64307b,500
0x28ba0e3b2b12ab2288e7f279c597faede85b73cb,500
0x0764cd35e8a499e6cc929cac464fb093aea6dadd,500
0xcb1c75bacecab7c2fb508836b1d1dcdb518154bc,1000
0xebd79a4e4b19c231a79b15eb3a0a9248012112ab,1000
0xf23fc06e0d3cc942bc13314ac6d4d6a5eb2cea79,1000
0xc0c2286378f80740fc7271f820dcada71bfa0783,500
0x01c7c975a48b78ab35e12c486a0152bf7d4155f9,1000
0x1a429fb33ca461ce5b05f4b4f8d0721d5e4abf97,1000
0x37da6cfffc17c41f03a099489111f5ee3e599062,1000
0x05f57a64075a606714b4f20b0c530ad3ae12271c,1000
0xf0103b2a3e0417c3a846d467a0fd7be91c4d454b,500
0x6b6bdbad96ab3041cab144675d717f1b1fa32bee,500
0xb9addae693888586e2756ac535ce3426ed022ea6,1000
0x206db764b39564f04a748bedbf92ede72ef4f6f1,1000
0xe0ce548c2621ce774a0aa5434655b65e45157d33,1000
0x53479c8e601dd6b139215befab29bcf57a7edd69,1000
0x1fc84ef83f24628863a8761dd26a71ab03972170,1000
0x494111bf1c9404968b1e7397963e9a82164070e0,1000
0x72ac7a7929ab7ca62d0f2ad0ffe790ce6de3917a,1000
0x76d4d97f40e5395dfcafda4342148ced14fff029,1000
0xf6b06398669e54cfa36013fbfe6f3da0ddaad50f,1000
0x9edfe9578b7431423834376cfc398c7abb2c7715,1000
0xdb2b9494e1733a525c0851048c030e5d6fd77d25,10000
0x6fe80bbb62aa01ce52d85f58d0b923162b779658,1000